PC_ID,AC_ID
1,1
2,2
2,3
2,4
2,5
2,6
2,7
2,8
3,9
3,10
3,11
3,12
3,13
3,14
3,15
4,16
4,17
4,18
4,19
4,20
4,21
4,22
5,23
5,24
5,25
5,26
5,27
5,28
5,29
6,30
6,31
6,32
6,33
6,34
6,35
6,36
7,37
7,38
7,39
7,40
7,41
7,42
7,43
8,44
8,45
8,46
8,47
8,48
8,49
8,50
9,51
9,52
9,53
9,54
9,55
9,56
9,57
10,58
10,59
10,60
10,61
10,62
10,63
10,64
11,65
11,66
11,67
11,68
11,69
11,70
11,71
12,72
12,73
12,74
12,75
12,76
12,77
12,78
13,79
13,80
13,81
13,82
13,83
13,84
13,85
14,86
14,87
14,88
14,89
14,90
14,91
14,92
15,93
15,94
15,95
15,96
15,97
15,98
15,99
16,100
16,101
16,102
16,103
16,104
16,105
16,106
17,107
17,108
17,109
17,110
17,111
17,112
17,113
18,114
18,115
18,116
18,117
18,118
18,119
18,120
19,121
19,122
19,123
19,124
19,125
19,126
19,127
20,128
20,129
20,130
20,131
20,132
20,133
20,134
21,135
21,136
21,137
21,138
21,139
21,140
21,141
22,142
22,143
22,144
22,145
22,146
22,147
22,148
23,149
23,150
23,151
23,152
23,153
23,154
23,155
24,156
24,157
24,158
24,159
24,160
24,161
24,162
25,163
25,164
25,165
25,166
25,167
25,168
25,169
26,170
26,171
26,172
26,173
26,174
26,175
26,176
27,177
27,178
27,179
27,180
27,181
27,182
27,183
28,184
28,185
28,186
28,187
28,188
28,189
28,190
29,191
29,192
29,193
29,194
29,195
29,196
29,197
30,198
30,199
30,200
30,201
30,202
30,203
30,204
30,205
30,206
30,207
30,208
30,209
30,210
30,211
30,212
30,213
30,214
30,215
30,216
30,217
30,218
30,219
30,220
30,221
30,222
30,223
30,224
30,225
30,226
30,227
30,228
30,229
30,230
31,231
31,232
31,233
31,234
31,235
31,236
31,237
31,238
31,239
31,240
31,241
31,242
31,243
31,244
31,245
31,246
31,247
31,248
31,249
31,250
31,251
31,252
31,253
31,254
31,255
31,256
31,257
32,258
32,259
32,260
32,261
32,262
32,263
32,264
32,265
33,266
33,267
33,268
33,269
33,270
33,271
33,272
34,273
34,274
34,275
34,276
34,277
35,278
35,279
35,280
35,281
35,282
35,283
35,284
35,285
35,286
35,287
36,288
36,289
36,290
36,291
36,292
36,293
36,294
36,295
36,296
36,297
37,298
37,299
37,300
37,301
37,302
37,303
37,304
37,305
37,306
37,307
38,308
38,309
38,310
38,311
38,312
38,313
38,314
38,315
38,316
38,317
39,318
39,319
39,320
39,321
39,322
39,323
39,324
39,325
39,326
39,327
40,328
40,329
40,330
40,331
40,332
40,333
40,334
40,335
40,336
41,337
41,338
41,339
41,340
41,341
41,342
41,343
41,344
41,345
42,346
42,347
42,348
42,349
42,350
42,351
42,352
42,353
42,354
42,355
43,356
43,357
43,358
43,359
43,360
43,361
43,362
43,363
43,364
43,365
44,366
44,367
44,368
44,369
44,370
44,371
44,372
44,373
44,374
45,375
45,376
45,377
45,378
45,379
45,380
45,381
45,382
45,383
46,384
46,385
46,386
46,387
46,388
46,389
47,390
47,391
47,392
47,393
47,394
47,395
48,396
48,397
48,398
48,399
48,400
48,401
49,402
49,403
49,404
49,405
49,406
49,407
50,408
50,409
50,410
50,411
50,412
50,413
51,414
51,415
51,416
51,417
51,418
51,419
52,420
52,421
52,422
52,423
52,424
52,425
53,426
53,427
53,428
53,429
53,430
53,431
54,432
54,433
54,434
54,435
54,436
54,437
55,438
55,439
55,440
55,441
55,442
55,443
56,444
56,445
56,446
56,447
56,448
56,449
57,450
57,451
57,452
57,453
57,454
57,455
58,456
58,457
58,458
58,459
58,460
58,461
59,462
59,463
59,464
59,465
59,466
59,467
60,468
60,469
60,470
60,471
60,472
60,473
61,474
61,475
61,476
61,477
61,478
61,479
62,480
62,481
62,482
62,483
62,484
62,485
63,486
63,487
63,488
63,489
63,490
63,491
64,492
64,493
64,494
64,495
64,496
64,497
65,498
65,499
65,500
65,501
65,502
65,503
66,504
66,505
66,506
66,507
66,508
66,509
67,510
67,511
67,512
67,513
67,514
67,515
68,516
68,517
68,518
68,519
68,520
68,521
69,522
69,523
69,524
69,525
69,526
69,527
69,528
70,529
70,530
70,531
70,532
70,533
70,534
71,535
71,536
71,537
71,538
71,539
71,540
72,541
72,542
72,543
72,544
72,545
72,546
73,547
73,548
73,549
73,550
73,551
73,552
74,553
74,554
74,555
74,556
74,557
74,558
74,559
75,560
75,561
75,562
75,563
75,564
75,565
76,566
76,567
76,568
76,569
76,570
76,571
77,572
77,573
77,574
77,575
77,576
77,577
77,578
78,579
78,580
78,581
78,582
78,583
78,584
79,585
79,586
79,587
79,588
79,589
79,590
80,591
80,592
80,593
80,594
80,595
80,596
81,597
81,598
81,599
81,600
81,601
81,602
82,603
82,604
82,605
82,606
82,607
82,608
83,609
83,610
83,611
83,612
83,613
83,614
84,615
84,616
84,617
84,618
84,619
84,620
85,621
85,622
85,623
85,624
85,625
85,626
86,627
87,628
87,629
87,630
87,631
87,632
87,633
87,634
87,635
88,636
88,637
88,638
88,639
88,640
88,641
88,642
88,643
89,644
89,645
89,646
89,647
89,648
89,649
89,650
89,651
90,652
90,653
90,654
90,655
90,656
90,657
90,658
90,659
91,660
91,661
91,662
91,663
91,664
91,665
91,666
91,667
92,668
92,669
92,670
92,671
92,672
92,673
92,674
92,675
93,676
93,677
93,678
93,679
93,680
93,681
93,682
93,683
93,684
94,685
94,686
94,687
94,688
94,689
94,690
94,691
94,692
94,693
95,694
95,695
95,696
95,697
95,698
95,699
95,700
95,701
96,702
96,703
96,704
96,705
96,706
96,707
96,708
96,709
97,710
97,711
97,712
97,713
97,714
97,715
97,716
97,717
98,718
99,719
100,720
100,721
100,722
100,723
100,724
100,725
100,726
100,727
100,728
100,729
100,730
100,731
100,732
100,733
100,734
100,735
100,736
100,737
100,738
100,739
101,740
101,741
101,742
101,743
101,744
101,745
101,746
101,747
101,748
101,749
101,750
101,751
101,752
101,753
101,754
101,755
101,756
101,757
101,758
101,759
102,760
102,761
102,762
102,763
102,764
102,765
102,766
103,767
103,768
103,769
103,770
103,771
103,772
103,773
104,774
104,775
104,776
104,777
104,778
104,779
104,780
105,781
105,782
105,783
105,784
105,785
105,786
105,787
106,788
106,789
106,790
106,791
106,792
106,793
106,794
107,795
107,796
107,797
107,798
107,799
107,800
107,801
108,802
108,803
108,804
108,805
108,806
108,807
108,808
109,809
109,810
109,811
109,812
109,813
109,814
109,815
110,816
110,817
110,818
110,819
110,820
110,821
110,822
111,823
111,824
111,825
111,826
111,827
111,828
111,829
112,830
112,831
112,832
112,833
112,834
112,835
112,836
113,837
113,838
113,839
113,840
113,841
113,842
113,843
114,844
114,845
114,846
114,847
114,848
114,849
114,850
115,851
115,852
115,853
115,854
115,855
115,856
115,857
116,858
116,859
116,860
116,861
116,862
116,863
116,864
117,865
117,866
117,867
117,868
117,869
117,870
117,871
118,872
118,873
118,874
118,875
118,876
118,877
118,878
119,879
119,880
119,881
119,882
119,883
119,884
119,885
120,886
120,887
120,888
120,889
120,890
120,891
120,892
121,893
121,894
121,895
121,896
121,897
121,898
121,899
122,900
122,901
122,902
122,903
122,904
122,905
122,906
123,907
123,908
123,909
123,910
123,911
123,912
123,913
124,914
124,915
124,916
124,917
124,918
124,919
124,920
125,921
125,922
125,923
125,924
125,925
125,926
125,927
126,928
126,929
126,930
126,931
126,932
126,933
126,934
127,935
127,936
127,937
127,938
127,939
127,940
127,941
128,942
128,943
128,944
128,945
128,946
128,947
128,948
128,949
128,950
129,951
129,952
129,953
129,954
129,955
129,956
129,957
129,958
129,959
130,960
130,961
130,962
130,963
130,964
130,965
130,966
130,967
130,968
131,969
131,970
131,971
131,972
131,973
131,974
131,975
131,976
131,977
132,978
132,979
132,980
132,981
132,982
132,983
132,984
132,985
132,986
133,987
133,988
133,989
133,990
133,991
133,992
133,993
133,994
133,995
134,996
134,997
134,998
134,999
134,1000
134,1001
134,1002
134,1003
134,1004
135,1005
135,1006
135,1007
135,1008
135,1009
135,1010
135,1011
135,1012
135,1013
136,1014
136,1015
136,1016
136,1017
136,1018
136,1019
136,1020
136,1021
136,1022
137,1023
137,1024
137,1025
137,1026
137,1027
137,1028
137,1029
137,1030
137,1031
138,1032
138,1033
138,1034
138,1035
138,1036
138,1037
138,1038
138,1039
138,1040
138,1041
138,1042
138,1043
138,1044
138,1045
138,1046
138,1047
138,1048
139,1049
139,1050
139,1051
139,1052
139,1053
139,1054
139,1055
139,1056
139,1057
139,1058
139,1059
139,1060
139,1061
139,1062
139,1063
139,1064
139,1065
140,1066
140,1067
140,1068
140,1069
140,1070
140,1071
140,1072
140,1073
140,1074
140,1075
140,1076
140,1077
140,1078
140,1079
140,1080
140,1081
140,1082
141,1083
141,1084
141,1085
141,1086
141,1087
141,1088
141,1089
141,1090
141,1091
141,1092
141,1093
141,1094
141,1095
141,1096
141,1097
141,1098
141,1099
142,1100
142,1101
142,1102
142,1103
142,1104
142,1105
142,1106
142,1107
142,1108
142,1109
142,1110
142,1111
142,1112
142,1113
142,1114
143,1115
143,1116
143,1117
143,1118
143,1119
143,1120
143,1121
143,1122
143,1123
143,1124
143,1125
143,1126
143,1127
143,1128
143,1129
144,1130
144,1131
144,1132
144,1133
144,1134
144,1135
144,1136
144,1137
144,1138
144,1139
144,1140
144,1141
144,1142
144,1143
144,1144
144,1145
145,1146
145,1147
145,1148
145,1149
146,1150
146,1151
146,1152
146,1153
146,1154
146,1155
146,1156
146,1157
146,1158
146,1159
146,1160
146,1161
146,1162
146,1163
146,1164
146,1165
146,1166
147,1167
147,1168
147,1169
147,1170
147,1171
147,1172
147,1173
147,1174
147,1175
147,1176
147,1177
147,1178
147,1179
147,1180
147,1181
147,1182
147,1183
147,1184
147,1185
147,1186
148,1187
148,1188
148,1189
148,1190
148,1191
148,1192
149,1193
149,1194
149,1195
149,1196
149,1197
149,1198
150,1199
150,1200
150,1201
150,1202
150,1203
150,1204
151,1205
151,1206
151,1207
151,1208
151,1209
152,1210
152,1211
152,1212
152,1213
152,1214
152,1215
153,1216
153,1217
153,1218
153,1219
153,1220
153,1221
154,1222
154,1223
154,1224
154,1225
154,1226
154,1227
155,1228
155,1229
155,1230
155,1231
155,1232
155,1233
156,1234
156,1235
156,1236
156,1237
156,1238
156,1239
157,1240
157,1241
157,1242
157,1243
157,1244
157,1245
158,1246
158,1247
158,1248
158,1249
158,1250
158,1251
159,1252
159,1253
159,1254
159,1255
159,1256
160,1257
160,1258
160,1259
160,1260
160,1261
160,1262
161,1263
161,1264
161,1265
161,1266
161,1267
162,1268
162,1269
162,1270
162,1271
162,1272
162,1273
162,1274
162,1275
163,1276
163,1277
163,1278
163,1279
163,1280
163,1281
163,1282
163,1283
164,1284
164,1285
164,1286
164,1287
164,1288
164,1289
164,1290
164,1291
165,1292
165,1293
165,1294
165,1295
165,1296
165,1297
165,1298
165,1299
166,1300
166,1301
166,1302
166,1303
166,1304
166,1305
166,1306
166,1307
167,1308
167,1309
167,1310
167,1311
167,1312
167,1313
167,1314
167,1315
168,1316
168,1317
168,1318
168,1319
168,1320
168,1321
168,1322
168,1323
169,1324
169,1325
169,1326
169,1327
169,1328
169,1329
169,1330
169,1331
170,1332
170,1333
170,1334
170,1335
170,1336
170,1337
170,1338
170,1339
171,1340
171,1341
171,1342
171,1343
171,1344
171,1345
171,1346
171,1347
172,1348
172,1349
172,1350
172,1351
172,1352
172,1353
172,1354
172,1355
173,1356
173,1357
173,1358
173,1359
173,1360
173,1361
173,1362
173,1363
174,1364
174,1365
174,1366
174,1367
174,1368
174,1369
174,1370
174,1371
175,1372
175,1373
175,1374
175,1375
175,1376
175,1377
175,1378
175,1379
176,1380
176,1381
176,1382
176,1383
176,1384
176,1385
176,1386
176,1387
177,1388
177,1389
177,1390
177,1391
177,1392
177,1393
177,1394
177,1395
178,1396
178,1397
178,1398
178,1399
178,1400
178,1401
178,1402
178,1403
179,1404
179,1405
179,1406
179,1407
179,1408
179,1409
179,1410
179,1411
180,1412
180,1413
180,1414
180,1415
180,1416
180,1417
180,1418
180,1419
181,1420
181,1421
181,1422
181,1423
181,1424
181,1425
181,1426
181,1427
182,1428
182,1429
182,1430
182,1431
182,1432
182,1433
182,1434
182,1435
183,1436
183,1437
183,1438
183,1439
183,1440
183,1441
183,1442
183,1443
184,1444
184,1445
184,1446
184,1447
184,1448
184,1449
184,1450
184,1451
185,1452
185,1453
185,1454
185,1455
185,1456
185,1457
185,1458
185,1459
186,1460
186,1461
186,1462
186,1463
186,1464
186,1465
186,1466
186,1467
187,1468
187,1469
187,1470
187,1471
187,1472
187,1473
187,1474
187,1475
188,1476
188,1477
188,1478
188,1479
188,1480
188,1481
188,1482
188,1483
189,1484
189,1485
189,1486
189,1487
189,1488
189,1489
189,1490
189,1491
190,1492
190,1493
190,1494
190,1495
190,1496
190,1497
190,1498
191,1499
191,1500
191,1501
191,1502
191,1503
191,1504
191,1505
192,1506
192,1507
192,1508
192,1509
192,1510
192,1511
192,1512
193,1513
193,1514
193,1515
193,1516
193,1517
193,1518
193,1519
194,1520
194,1521
194,1522
194,1523
194,1524
194,1525
194,1526
195,1527
195,1528
195,1529
195,1530
195,1531
195,1532
195,1533
196,1534
196,1535
196,1536
196,1537
196,1538
196,1539
196,1540
197,1541
197,1542
197,1543
197,1544
197,1545
197,1546
197,1547
198,1548
198,1549
198,1550
198,1551
198,1552
198,1553
198,1554
199,1555
199,1556
199,1557
199,1558
199,1559
199,1560
199,1561
200,1562
200,1563
200,1564
200,1565
200,1566
200,1567
200,1568
201,1569
201,1570
201,1571
201,1572
201,1573
201,1574
201,1575
202,1576
202,1577
202,1578
202,1579
202,1580
202,1581
202,1582
203,1583
203,1584
203,1585
203,1586
203,1587
203,1588
203,1589
204,1590
204,1591
204,1592
204,1593
204,1594
204,1595
204,1596
205,1597
205,1598
205,1599
205,1600
205,1601
205,1602
205,1603
206,1604
206,1605
206,1606
206,1607
206,1608
206,1609
206,1610
207,1611
207,1612
207,1613
207,1614
207,1615
207,1616
207,1617
208,1618
208,1619
208,1620
208,1621
208,1622
208,1623
208,1624
209,1625
209,1626
209,1627
209,1628
209,1629
209,1630
209,1631
210,1632
211,1633
211,1634
211,1635
211,1636
211,1637
211,1638
211,1639
211,1640
212,1641
212,1642
212,1643
212,1644
212,1645
212,1646
212,1647
212,1648
213,1649
213,1650
213,1651
213,1652
213,1653
213,1654
213,1655
213,1656
214,1657
214,1658
214,1659
214,1660
214,1661
214,1662
214,1663
214,1664
215,1665
215,1666
215,1667
215,1668
215,1669
215,1670
215,1671
215,1672
216,1673
216,1674
216,1675
216,1676
216,1677
216,1678
216,1679
216,1680
217,1681
217,1682
217,1683
217,1684
217,1685
217,1686
217,1687
217,1688
218,1689
218,1690
218,1691
218,1692
218,1693
218,1694
218,1695
218,1696
219,1697
219,1698
219,1699
219,1700
219,1701
219,1702
219,1703
220,1704
220,1705
220,1706
220,1707
220,1708
220,1709
220,1710
220,1711
221,1712
221,1713
221,1714
221,1715
221,1716
221,1717
221,1718
221,1719
222,1720
222,1721
222,1722
222,1723
222,1724
222,1725
222,1726
222,1727
223,1728
223,1729
223,1730
223,1731
223,1732
223,1733
223,1734
223,1735
224,1736
224,1737
224,1738
224,1739
224,1740
224,1741
224,1742
224,1743
225,1744
225,1745
225,1746
225,1747
225,1748
225,1749
225,1750
225,1751
226,1752
226,1753
226,1754
226,1755
226,1756
226,1757
226,1758
227,1759
227,1760
227,1761
227,1762
227,1763
227,1764
227,1765
227,1766
228,1767
228,1768
228,1769
228,1770
228,1771
228,1772
228,1773
228,1774
229,1775
229,1776
229,1777
229,1778
229,1779
229,1780
229,1781
229,1782
230,1783
230,1784
230,1785
230,1786
230,1787
230,1788
230,1789
230,1790
231,1791
231,1792
231,1793
231,1794
231,1795
231,1796
231,1797
231,1798
232,1799
232,1800
232,1801
232,1802
232,1803
232,1804
232,1805
232,1806
233,1807
233,1808
233,1809
233,1810
233,1811
233,1812
233,1813
233,1814
234,1815
234,1816
234,1817
234,1818
234,1819
234,1820
234,1821
234,1822
235,1823
235,1824
235,1825
235,1826
235,1827
235,1828
235,1829
235,1830
236,1831
236,1832
236,1833
236,1834
236,1835
236,1836
236,1837
236,1838
237,1839
237,1840
237,1841
237,1842
237,1843
237,1844
237,1845
237,1846
238,1847
238,1848
238,1849
238,1850
238,1851
238,1852
238,1853
238,1854
239,1855
239,1856
239,1857
239,1858
239,1859
239,1860
239,1861
239,1862
240,1863
240,1864
240,1865
240,1866
240,1867
240,1868
241,1869
241,1870
241,1871
241,1872
241,1873
241,1874
242,1875
242,1876
242,1877
242,1878
242,1879
242,1880
243,1881
243,1882
243,1883
243,1884
243,1885
243,1886
244,1887
244,1888
244,1889
244,1890
244,1891
244,1892
245,1893
245,1894
245,1895
245,1896
245,1897
245,1898
246,1899
246,1900
246,1901
246,1902
246,1903
246,1904
247,1905
247,1906
247,1907
247,1908
247,1909
247,1910
248,1911
248,1912
248,1913
248,1914
248,1915
248,1916
249,1917
249,1918
249,1919
249,1920
249,1921
249,1922
250,1923
250,1924
250,1925
250,1926
250,1927
250,1928
251,1929
251,1930
251,1931
251,1932
251,1933
251,1934
252,1935
252,1936
252,1937
252,1938
252,1939
252,1940
253,1941
253,1942
253,1943
253,1944
253,1945
253,1946
254,1947
254,1948
254,1949
254,1950
254,1951
254,1952
255,1953
255,1954
255,1955
255,1956
255,1957
255,1958
256,1959
256,1960
256,1961
256,1962
256,1963
256,1964
257,1965
257,1966
257,1967
257,1968
257,1969
257,1970
258,1971
258,1972
258,1973
258,1974
258,1975
258,1976
259,1977
259,1978
259,1979
259,1980
259,1981
259,1982
260,1983
260,1984
260,1985
260,1986
260,1987
260,1988
261,1989
261,1990
261,1991
261,1992
261,1993
261,1994
262,1995
262,1996
262,1997
262,1998
262,1999
262,2000
263,2001
263,2002
263,2003
263,2004
263,2005
263,2006
264,2007
264,2008
264,2009
264,2010
264,2011
264,2012
265,2013
265,2014
265,2015
265,2016
265,2017
265,2018
266,2019
266,2020
266,2021
266,2022
266,2023
266,2024
267,2025
267,2026
267,2027
267,2028
267,2029
267,2030
268,2031
268,2032
268,2033
268,2034
268,2035
268,2036
269,2037
269,2038
269,2039
269,2040
269,2041
269,2042
270,2043
270,2044
270,2045
270,2046
270,2047
270,2048
271,2049
271,2050
271,2051
271,2052
271,2053
271,2054
272,2055
272,2056
272,2057
272,2058
272,2059
272,2060
273,2061
273,2062
273,2063
273,2064
273,2065
273,2066
274,2067
274,2068
274,2069
274,2070
274,2071
274,2072
275,2073
275,2074
275,2075
275,2076
275,2077
275,2078
276,2079
276,2080
276,2081
276,2082
276,2083
276,2084
277,2085
277,2086
277,2087
277,2088
277,2089
277,2090
278,2091
278,2092
278,2093
278,2094
278,2095
278,2096
279,2097
279,2098
279,2099
279,2100
279,2101
279,2102
280,2103
280,2104
280,2105
280,2106
280,2107
280,2108
281,2109
281,2110
281,2111
281,2112
281,2113
281,2114
282,2115
282,2116
282,2117
282,2118
282,2119
282,2120
283,2121
283,2122
283,2123
283,2124
283,2125
283,2126
284,2127
284,2128
284,2129
284,2130
284,2131
284,2132
285,2133
285,2134
285,2135
285,2136
285,2137
285,2138
286,2139
286,2140
286,2141
286,2142
286,2143
286,2144
287,2145
287,2146
287,2147
287,2148
287,2149
287,2150
288,2151
288,2152
288,2153
288,2154
288,2155
288,2156
288,2157
288,2158
288,2159
288,2160
288,2161
288,2162
288,2163
288,2164
288,2165
288,2166
288,2167
288,2168
288,2169
288,2170
288,2171
288,2172
288,2173
288,2174
288,2175
288,2176
288,2177
288,2178
288,2179
288,2180
288,2181
288,2182
289,2183
289,2184
289,2185
289,2186
289,2187
289,2188
289,2189
289,2190
289,2191
289,2192
289,2193
289,2194
289,2195
289,2196
289,2197
289,2198
289,2199
289,2200
289,2201
289,2202
289,2203
289,2204
289,2205
289,2206
289,2207
289,2208
289,2209
289,2210
290,2211
290,2212
290,2213
290,2214
290,2215
290,2216
290,2217
290,2218
290,2219
290,2220
290,2221
290,2222
290,2223
290,2224
290,2225
290,2226
290,2227
290,2228
290,2229
290,2230
290,2231
290,2232
290,2233
290,2234
290,2235
290,2236
290,2237
290,2238
290,2239
290,2240
290,2241
290,2242
290,2243
290,2244
290,2245
290,2246
291,2247
291,2248
291,2249
291,2250
291,2251
291,2252
291,2253
291,2254
291,2255
291,2256
291,2257
291,2258
291,2259
291,2260
291,2261
291,2262
291,2263
291,2264
291,2265
291,2266
291,2267
291,2268
291,2269
291,2270
292,2271
292,2272
292,2273
292,2274
292,2275
292,2276
292,2277
292,2278
292,2279
292,2280
292,2281
292,2282
292,2283
292,2284
292,2285
292,2286
292,2287
292,2288
292,2289
292,2290
292,2291
292,2292
292,2293
292,2294
292,2295
292,2296
292,2297
292,2298
292,2299
292,2300
292,2301
292,2302
292,2303
292,2304
292,2305
292,2306
292,2307
292,2308
292,2309
292,2310
293,2311
293,2312
293,2313
293,2314
293,2315
293,2316
293,2317
293,2318
293,2319
293,2320
293,2321
293,2322
293,2323
293,2324
293,2325
293,2326
293,2327
293,2328
293,2329
293,2330
293,2331
293,2332
293,2333
293,2334
293,2335
293,2336
293,2337
293,2338
293,2339
293,2340
293,2341
293,2342
293,2343
293,2344
293,2345
293,2346
293,2347
293,2348
293,2349
293,2350
293,2351
293,2352
293,2353
293,2354
293,2355
293,2356
293,2357
293,2358
293,2359
293,2360
293,2361
293,2362
293,2363
293,2364
293,2365
293,2366
293,2367
293,2368
293,2369
293,2370
294,2371
294,2372
294,2373
294,2374
294,2375
294,2376
294,2377
294,2378
294,2379
294,2380
295,2381
295,2382
295,2383
295,2384
295,2385
295,2386
295,2387
295,2388
295,2389
295,2390
296,2391
296,2392
296,2393
296,2394
296,2395
296,2396
296,2397
296,2398
296,2399
296,2400
297,2401
297,2402
297,2403
297,2404
297,2405
297,2406
297,2407
297,2408
297,2409
297,2410
298,2411
298,2412
298,2413
298,2414
298,2415
298,2416
298,2417
298,2418
298,2419
298,2420
299,2421
299,2422
299,2423
299,2424
299,2425
299,2426
299,2427
299,2428
299,2429
299,2430
300,2431
300,2432
300,2433
300,2434
300,2435
300,2436
300,2437
300,2438
300,2439
300,2440
301,2441
301,2442
301,2443
301,2444
301,2445
301,2446
301,2447
302,2448
302,2449
302,2450
302,2451
302,2452
302,2453
302,2454
303,2455
303,2456
303,2457
303,2458
303,2459
303,2460
303,2461
304,2462
304,2463
304,2464
304,2465
304,2466
304,2467
304,2468
305,2469
305,2470
305,2471
305,2472
305,2473
305,2474
305,2475
306,2476
306,2477
306,2478
306,2479
306,2480
306,2481
306,2482
307,2483
307,2484
307,2485
307,2486
307,2487
307,2488
307,2489
308,2490
308,2491
308,2492
308,2493
308,2494
308,2495
308,2496
309,2497
309,2498
309,2499
309,2500
309,2501
309,2502
309,2503
310,2504
310,2505
310,2506
310,2507
310,2508
310,2509
310,2510
311,2511
311,2512
311,2513
311,2514
311,2515
311,2516
311,2517
312,2518
312,2519
312,2520
312,2521
312,2522
312,2523
312,2524
313,2525
313,2526
313,2527
313,2528
313,2529
313,2530
313,2531
314,2532
314,2533
314,2534
314,2535
314,2536
314,2537
314,2538
315,2539
315,2540
315,2541
315,2542
315,2543
315,2544
315,2545
316,2546
316,2547
316,2548
316,2549
316,2550
316,2551
316,2552
317,2553
317,2554
317,2555
317,2556
317,2557
317,2558
317,2559
318,2560
318,2561
318,2562
318,2563
318,2564
318,2565
318,2566
319,2567
319,2568
319,2569
319,2570
319,2571
319,2572
319,2573
320,2574
320,2575
320,2576
320,2577
320,2578
320,2579
320,2580
321,2581
321,2582
321,2583
321,2584
321,2585
321,2586
321,2587
322,2588
322,2589
322,2590
322,2591
322,2592
322,2593
322,2594
322,2595
322,2596
322,2597
322,2598
322,2599
322,2600
322,2601
322,2602
322,2603
322,2604
322,2605
322,2606
322,2607
322,2608
322,2609
322,2610
322,2611
322,2612
322,2613
322,2614
322,2615
322,2616
322,2617
323,2618
323,2619
323,2620
323,2621
323,2622
323,2623
323,2624
323,2625
323,2626
324,2627
324,2628
324,2629
324,2630
324,2631
324,2632
324,2633
324,2634
324,2635
325,2636
325,2637
325,2638
325,2639
325,2640
325,2641
325,2642
325,2643
325,2644
326,2645
326,2646
326,2647
326,2648
326,2649
326,2650
326,2651
326,2652
326,2653
327,2654
327,2655
327,2656
327,2657
327,2658
327,2659
327,2660
327,2661
327,2662
328,2663
328,2664
328,2665
328,2666
328,2667
328,2668
328,2669
328,2670
328,2671
329,2672
329,2673
329,2674
329,2675
329,2676
329,2677
329,2678
329,2679
329,2680
330,2681
330,2682
330,2683
330,2684
330,2685
330,2686
330,2687
330,2688
330,2689
331,2690
331,2691
331,2692
331,2693
331,2694
331,2695
331,2696
331,2697
331,2698
332,2699
332,2700
332,2701
332,2702
332,2703
332,2704
332,2705
332,2706
332,2707
333,2708
333,2709
333,2710
333,2711
333,2712
333,2713
333,2714
333,2715
333,2716
334,2717
334,2718
334,2719
334,2720
334,2721
334,2722
334,2723
334,2724
334,2725
335,2726
335,2727
335,2728
335,2729
335,2730
335,2731
335,2732
335,2733
335,2734
336,2735
336,2736
336,2737
336,2738
336,2739
336,2740
336,2741
336,2742
337,2743
337,2744
337,2745
337,2746
337,2747
337,2748
337,2749
337,2750
338,2751
338,2752
338,2753
338,2754
338,2755
338,2756
338,2757
338,2758
339,2759
339,2760
339,2761
339,2762
339,2763
339,2764
339,2765
339,2766
340,2767
340,2768
340,2769
340,2770
340,2771
340,2772
340,2773
340,2774
341,2775
341,2776
341,2777
341,2778
341,2779
341,2780
341,2781
341,2782
342,2783
342,2784
342,2785
342,2786
342,2787
342,2788
342,2789
342,2790
343,2791
343,2792
343,2793
343,2794
343,2795
343,2796
343,2797
343,2798
344,2799
344,2800
344,2801
344,2802
344,2803
344,2804
344,2805
344,2806
345,2807
345,2808
345,2809
345,2810
345,2811
345,2812
345,2813
345,2814
346,2815
346,2816
346,2817
346,2818
346,2819
346,2820
346,2821
346,2822
347,2823
347,2824
347,2825
347,2826
347,2827
347,2828
347,2829
347,2830
348,2831
348,2832
348,2833
348,2834
348,2835
348,2836
348,2837
348,2838
349,2839
349,2840
349,2841
349,2842
349,2843
349,2844
349,2845
349,2846
350,2847
350,2848
350,2849
350,2850
350,2851
350,2852
350,2853
350,2854
351,2855
351,2856
351,2857
351,2858
351,2859
351,2860
351,2861
351,2862
352,2863
352,2864
352,2865
352,2866
352,2867
352,2868
352,2869
352,2870
353,2871
353,2872
353,2873
353,2874
353,2875
353,2876
353,2877
353,2878
354,2879
354,2880
354,2881
354,2882
354,2883
354,2884
354,2885
354,2886
355,2887
355,2888
355,2889
355,2890
355,2891
355,2892
355,2893
355,2894
356,2895
356,2896
356,2897
356,2898
356,2899
356,2900
356,2901
356,2902
357,2903
357,2904
357,2905
357,2906
357,2907
357,2908
357,2909
357,2910
358,2911
358,2912
358,2913
358,2914
358,2915
358,2916
358,2917
358,2918
359,2919
359,2920
359,2921
359,2922
359,2923
359,2924
359,2925
359,2926
360,2927
360,2928
360,2929
360,2930
360,2931
360,2932
360,2933
360,2934
361,2935
361,2936
361,2937
361,2938
361,2939
361,2940
361,2941
361,2942
361,2943
361,2944
361,2945
361,2946
361,2947
361,2948
361,2949
361,2950
361,2951
361,2952
361,2953
361,2954
361,2955
361,2956
361,2957
361,2958
361,2959
361,2960
361,2961
361,2962
361,2963
361,2964
361,2965
361,2966
362,2967
362,2968
362,2969
362,2970
362,2971
362,2972
363,2973
363,2974
363,2975
363,2976
363,2977
363,2978
364,2979
364,2980
364,2981
364,2982
364,2983
364,2984
365,2985
365,2986
365,2987
365,2988
365,2989
365,2990
366,2991
366,2992
366,2993
366,2994
366,2995
366,2996
367,2997
367,2998
367,2999
367,3000
367,3001
367,3002
368,3003
368,3004
368,3005
368,3006
368,3007
368,3008
369,3009
369,3010
369,3011
369,3012
369,3013
369,3014
370,3015
370,3016
370,3017
370,3018
370,3019
370,3020
371,3021
371,3022
371,3023
371,3024
371,3025
371,3026
372,3027
372,3028
372,3029
372,3030
372,3031
372,3032
373,3033
373,3034
373,3035
373,3036
373,3037
373,3038
374,3039
374,3040
374,3041
374,3042
374,3043
374,3044
375,3045
375,3046
375,3047
375,3048
375,3049
375,3050
376,3051
376,3052
376,3053
376,3054
376,3055
376,3056
377,3057
377,3058
377,3059
377,3060
377,3061
377,3062
378,3063
378,3064
378,3065
378,3066
378,3067
378,3068
379,3069
379,3070
379,3071
379,3072
379,3073
379,3074
380,3075
380,3076
380,3077
380,3078
380,3079
380,3080
381,3081
381,3082
381,3083
381,3084
381,3085
381,3086
382,3087
382,3088
382,3089
382,3090
382,3091
382,3092
383,3093
383,3094
383,3095
383,3096
383,3097
383,3098
384,3099
384,3100
384,3101
384,3102
384,3103
384,3104
385,3105
385,3106
385,3107
385,3108
385,3109
385,3110
386,3111
386,3112
386,3113
386,3114
386,3115
386,3116
387,3117
387,3118
387,3119
387,3120
387,3121
387,3122
388,3123
388,3124
388,3125
388,3126
388,3127
388,3128
389,3129
389,3130
389,3131
389,3132
389,3133
389,3134
390,3135
390,3136
390,3137
390,3138
390,3139
390,3140
391,3141
391,3142
391,3143
391,3144
391,3145
391,3146
392,3147
392,3148
392,3149
392,3150
392,3151
392,3152
393,3153
393,3154
393,3155
393,3156
393,3157
393,3158
394,3159
394,3160
394,3161
394,3162
394,3163
394,3164
395,3165
395,3166
395,3167
395,3168
395,3169
395,3170
396,3171
396,3172
396,3173
396,3174
396,3175
396,3176
397,3177
397,3178
397,3179
397,3180
397,3181
397,3182
398,3183
398,3184
398,3185
398,3186
398,3187
398,3188
399,3189
399,3190
399,3191
399,3192
399,3193
399,3194
400,3195
400,3196
400,3197
400,3198
400,3199
400,3200
401,3201
401,3202
401,3203
401,3204
401,3205
401,3206
401,3207
402,3208
402,3209
402,3210
402,3211
402,3212
402,3213
402,3214
403,3215
403,3216
403,3217
403,3218
403,3219
403,3220
403,3221
404,3222
404,3223
404,3224
404,3225
404,3226
404,3227
404,3228
405,3229
405,3230
405,3231
405,3232
405,3233
405,3234
405,3235
406,3236
406,3237
406,3238
406,3239
406,3240
406,3241
406,3242
407,3243
407,3244
407,3245
407,3246
407,3247
407,3248
407,3249
408,3250
408,3251
408,3252
408,3253
408,3254
408,3255
408,3256
409,3257
409,3258
409,3259
409,3260
409,3261
409,3262
409,3263
410,3264
410,3265
410,3266
410,3267
410,3268
410,3269
410,3270
411,3271
411,3272
411,3273
411,3274
411,3275
411,3276
411,3277
412,3278
412,3279
412,3280
412,3281
412,3282
412,3283
412,3284
413,3285
413,3286
413,3287
413,3288
413,3289
413,3290
413,3291
414,3292
414,3293
414,3294
414,3295
414,3296
414,3297
414,3298
415,3299
415,3300
415,3301
415,3302
415,3303
415,3304
415,3305
415,3306
415,3307
415,3308
415,3309
415,3310
415,3311
415,3312
415,3313
415,3314
415,3315
415,3316
415,3317
415,3318
415,3319
415,3320
415,3321
415,3322
415,3323
415,3324
415,3325
415,3326
415,3327
415,3328
416,3329
416,3330
416,3331
416,3332
416,3333
416,3334
416,3335
416,3336
416,3337
416,3338
416,3339
416,3340
416,3341
416,3342
416,3343
416,3344
416,3345
416,3346
416,3347
416,3348
416,3349
416,3350
416,3351
416,3352
416,3353
416,3354
416,3355
416,3356
416,3357
416,3358
417,3359
417,3360
417,3361
417,3362
417,3363
418,3364
418,3365
418,3366
418,3367
418,3368
419,3369
419,3370
419,3371
419,3372
419,3373
420,3374
420,3375
420,3376
420,3377
420,3378
421,3379
421,3380
421,3381
421,3382
421,3383
422,3384
422,3385
422,3386
422,3387
422,3388
423,3389
423,3390
423,3391
423,3392
423,3393
424,3394
424,3395
424,3396
424,3397
424,3398
425,3399
425,3400
425,3401
425,3402
425,3403
426,3404
426,3405
426,3406
426,3407
426,3408
427,3409
427,3410
427,3411
427,3412
427,3413
428,3414
428,3415
428,3416
428,3417
428,3418
429,3419
429,3420
429,3421
429,3422
429,3423
430,3424
430,3425
430,3426
430,3427
430,3428
431,3429
431,3430
431,3431
431,3432
431,3433
432,3434
432,3435
432,3436
432,3437
432,3438
433,3439
433,3440
433,3441
433,3442
433,3443
434,3444
434,3445
434,3446
434,3447
434,3448
435,3449
435,3450
435,3451
435,3452
435,3453
436,3454
436,3455
436,3456
436,3457
436,3458
437,3459
437,3460
437,3461
437,3462
437,3463
438,3464
438,3465
438,3466
438,3467
438,3468
439,3469
439,3470
439,3471
439,3472
439,3473
440,3474
440,3475
440,3476
440,3477
440,3478
441,3479
441,3480
441,3481
441,3482
441,3483
442,3484
442,3485
442,3486
442,3487
442,3488
443,3489
443,3490
443,3491
443,3492
443,3493
443,3494
444,3495
444,3496
444,3497
444,3498
444,3499
445,3500
445,3501
445,3502
445,3503
445,3504
446,3505
446,3506
446,3507
446,3508
446,3509
447,3510
447,3511
447,3512
447,3513
447,3514
448,3515
448,3516
448,3517
448,3518
448,3519
449,3520
449,3521
449,3522
449,3523
449,3524
449,3525
450,3526
450,3527
450,3528
450,3529
450,3530
451,3531
451,3532
451,3533
451,3534
451,3535
452,3536
452,3537
452,3538
452,3539
452,3540
453,3541
453,3542
453,3543
453,3544
453,3545
454,3546
454,3547
454,3548
454,3549
454,3550
455,3551
455,3552
455,3553
455,3554
455,3555
456,3556
456,3557
456,3558
456,3559
456,3560
457,3561
457,3562
457,3563
457,3564
457,3565
458,3566
458,3567
458,3568
458,3569
458,3570
459,3571
459,3572
459,3573
459,3574
459,3575
460,3576
460,3577
460,3578
460,3579
460,3580
461,3581
461,3582
461,3583
461,3584
461,3585
462,3586
462,3587
462,3588
462,3589
462,3590
463,3591
463,3592
463,3593
463,3594
463,3595
464,3596
464,3597
464,3598
464,3599
464,3600
465,3601
465,3602
465,3603
465,3604
465,3605
465,3606
466,3607
466,3608
466,3609
466,3610
466,3611
467,3612
467,3613
467,3614
467,3615
467,3616
468,3617
468,3618
468,3619
468,3620
468,3621
469,3622
469,3623
469,3624
469,3625
469,3626
470,3627
470,3628
470,3629
470,3630
470,3631
471,3632
471,3633
471,3634
471,3635
471,3636
472,3637
472,3638
472,3639
472,3640
472,3641
473,3642
473,3643
473,3644
473,3645
473,3646
474,3647
474,3648
474,3649
474,3650
474,3651
475,3652
475,3653
475,3654
475,3655
475,3656
476,3657
476,3658
476,3659
476,3660
476,3661
477,3662
477,3663
477,3664
477,3665
477,3666
478,3667
478,3668
478,3669
478,3670
478,3671
479,3672
479,3673
479,3674
479,3675
479,3676
480,3677
480,3678
480,3679
480,3680
480,3681
481,3682
481,3683
481,3684
481,3685
481,3686
482,3687
482,3688
482,3689
482,3690
482,3691
483,3692
483,3693
483,3694
483,3695
483,3696
484,3697
484,3698
484,3699
484,3700
484,3701
485,3702
485,3703
485,3704
485,3705
485,3706
486,3707
486,3708
486,3709
486,3710
486,3711
487,3712
487,3713
487,3714
487,3715
487,3716
488,3717
488,3718
488,3719
488,3720
488,3721
489,3722
489,3723
489,3724
489,3725
489,3726
490,3727
490,3728
490,3729
490,3730
490,3731
491,3732
491,3733
491,3734
491,3735
491,3736
492,3737
492,3738
492,3739
492,3740
492,3741
493,3742
493,3743
493,3744
493,3745
493,3746
494,3747
494,3748
494,3749
494,3750
494,3751
495,3752
495,3753
495,3754
495,3755
495,3756
496,3757
496,3758
496,3759
496,3760
496,3761
497,3762
497,3763
497,3764
497,3765
497,3766
497,3767
497,3768
497,3769
497,3770
497,3771
497,3772
497,3773
497,3774
497,3775
498,3776
498,3777
498,3778
498,3779
498,3780
498,3781
498,3782
498,3783
498,3784
498,3785
498,3786
498,3787
498,3788
498,3789
499,3790
499,3791
499,3792
499,3793
499,3794
499,3795
499,3796
499,3797
499,3798
499,3799
499,3800
499,3801
499,3802
499,3803
500,3804
500,3805
500,3806
500,3807
500,3808
500,3809
500,3810
500,3811
500,3812
500,3813
500,3814
500,3815
500,3816
500,3817
501,3818
501,3819
501,3820
501,3821
501,3822
501,3823
501,3824
501,3825
501,3826
501,3827
501,3828
501,3829
501,3830
501,3831
502,3832
502,3833
502,3834
502,3835
502,3836
502,3837
502,3838
503,3839
503,3840
503,3841
503,3842
503,3843
503,3844
503,3845
504,3846
504,3847
504,3848
504,3849
504,3850
504,3851
504,3852
505,3853
505,3854
505,3855
505,3856
505,3857
505,3858
505,3859
506,3860
506,3861
506,3862
506,3863
506,3864
506,3865
506,3866
507,3867
507,3868
507,3869
507,3870
507,3871
507,3872
507,3873
508,3874
508,3875
508,3876
508,3877
508,3878
508,3879
508,3880
509,3881
509,3882
509,3883
509,3884
509,3885
509,3886
509,3887
510,3888
510,3889
510,3890
510,3891
510,3892
510,3893
510,3894
511,3895
511,3896
511,3897
511,3898
511,3899
511,3900
511,3901
512,3902
512,3903
512,3904
512,3905
512,3906
512,3907
512,3908
513,3909
513,3910
513,3911
513,3912
513,3913
513,3914
513,3915
514,3916
514,3917
514,3918
514,3919
514,3920
514,3921
514,3922
515,3923
515,3924
515,3925
515,3926
515,3927
515,3928
515,3929
516,3930
516,3931
516,3932
516,3933
516,3934
516,3935
516,3936
517,3937
517,3938
517,3939
517,3940
517,3941
517,3942
517,3943
518,3944
518,3945
518,3946
518,3947
518,3948
518,3949
518,3950
519,3951
519,3952
519,3953
519,3954
519,3955
519,3956
519,3957
520,3958
520,3959
520,3960
520,3961
520,3962
520,3963
520,3964
521,3965
521,3966
521,3967
521,3968
521,3969
521,3970
521,3971
522,3972
522,3973
522,3974
522,3975
522,3976
522,3977
522,3978
523,3979
523,3980
523,3981
523,3982
523,3983
523,3984
523,3985
524,3986
524,3987
524,3988
524,3989
524,3990
524,3991
524,3992
525,3993
525,3994
525,3995
525,3996
525,3997
525,3998
525,3999
526,4000
526,4001
526,4002
526,4003
526,4004
526,4005
526,4006
527,4007
527,4008
527,4009
527,4010
527,4011
527,4012
527,4013
528,4014
528,4015
528,4016
528,4017
528,4018
528,4019
528,4020
529,4021
529,4022
529,4023
529,4024
529,4025
529,4026
529,4027
530,4028
530,4029
530,4030
530,4031
530,4032
530,4033
530,4034
531,4035
531,4036
531,4037
531,4038
531,4039
531,4040
531,4041
532,4042
532,4043
532,4044
532,4045
532,4046
532,4047
532,4048
533,4049
533,4050
533,4051
533,4052
533,4053
533,4054
533,4055
534,4056
534,4057
534,4058
534,4059
534,4060
534,4061
534,4062
535,4063
535,4064
535,4065
535,4066
535,4067
535,4068
535,4069
536,4070
536,4071
536,4072
536,4073
536,4074
536,4075
536,4076
537,4077
537,4078
537,4079
537,4080
537,4081
537,4082
537,4083
538,4084
538,4085
538,4086
538,4087
538,4088
538,4089
538,4090
539,4091
539,4092
539,4093
539,4094
539,4095
539,4096
539,4097
540,4098
540,4099
540,4100
540,4101
540,4102
540,4103
540,4104
541,4105
541,4106
541,4107
541,4108
541,4109
541,4110
541,4111
542,4112
542,4113
542,4114
542,4115
542,4116
542,4117
542,4118
543,4119
543,4120
543,4121
543,4122
543,4123
543,4124
543,4125
